N,r_value,R2
216,0.9713046159368078,0.9434326569401498
